chemical_name	cas_number	InChIKey	SMILES	DTXSID	type	main_source	compound_class_level_1	compound_class_level_2	compound_class_level_3	alternative_class	MoA	MDL	ESI_mode	RS1	RS2	RS3	T1	T2	T3	R1	R2	R3
Valsartan	137862-53-4	ACWBQPMHZXGDFX-UHFFFAOYSA-N	CCCCC(=O)N(CC1=CC=C(C=C1)C1=CC=CC=C1C1=NNN=N1)C(C(C)C)C(O)=O	DTXSID6023735	parent	urban areas	pharmaceutical	antihypertensive	Sartan (Angiotensin II receptor blocker)	no	Angiotensin Receptor or Enzyme	1	ESIpos	0	0	0	0	1.4	121.7	0	0	0
Imidacloprid-urea	120868-66-8	ADWTYURAFSWNSU-UHFFFAOYSA-N	ClC1=NC=C(CN2CCNC2=O)C=C1	DTXSID1037563	TP	multiple	pesticide	insecticide	neonicotinoide	biocide	Neuroactive	1	ESIpos	0	0	0	6.5	0	1.2	0	0	0
Clarithromycin	81103-11-9	AGOYDEPGAOXOCK-UHFFFAOYSA-N	CCC1OC(=O)C(C)C(OC2CC(C)(OC)C(O)C(C)O2)C(C)C(OC2OC(C)CC(C2O)N(C)C)C(C)(CC(C)C(=O)C(C)C(O)C1(C)O)OC	DTXSID3022829	parent	urban areas	pharmaceutical	antibiotic	macrolide	no	Nucleic acid biosynthesis inhibition	1	ESIpos	0	0	0	0	0	0	10.5	0	0
2-Isopropyl-6-methyl-pyrimidin-4-ol	2814-20-2	AJPIUNPJBFBUKK-UHFFFAOYSA-N	CC(C)C1=NC(C)=CC(=O)N1	DTXSID1027502	TP	urban areas	pesticide	insecticide	organophosphate	veterinary pharmaceutical	Neuroactive	1	ESIpos	0	0	0	8.7	0	1.6	0	0	0
Lauryl diethanolamide	120-40-1	AOMUHOFOVNGZAN-UHFFFAOYSA-N	CCCCCCCCCCCC(=O)N(CCO)CCO	DTXSID5025491	parent	urban areas	personal care and household	surfactant	nonionic surfactant	no	unknown	5	ESIpos	0	0	0	28.8	0	179	0	0	0
Propranolol	525-66-6	AQHHHDLHHXJYJD-UHFFFAOYSA-N	CC(C)NCC(O)COC1=C2C=CC=CC2=CC=C1	DTXSID6023525	parent	urban areas	pharmaceutical	antihypertensive	beta blocker	no	Cardiovascular system	1	ESIpos	0	0	0	0	0	0	0.6	0	0
Diphenylphosphate	838-85-7	ASMQGLCHMVWBQR-UHFFFAOYSA-N	OP(=O)(OC1=CC=CC=C1)OC1=CC=CC=C1	DTXSID1048207	TP	urban areas	polymer additive	plasticizer	organophosphate	no	unknown	1	ESIpos	0	0	0	0	0	3.8	0	0	0
Sucralose	56038-13-2	BAQAVOSOZGMPRM-UHFFFAOYSA-N	OCC1OC(OC2(CCl)OC(CCl)C(O)C2O)C(O)C(O)C1Cl	DTXSID1040245	parent	urban areas	food and beverage	sweetener	sweetener	no	unknown	40	ESIneg	0	0	0	0	1688.5	6038	538	2299.2	35625.5
Benzocain	94-09-7	BLFLLBZGZJTVJG-UHFFFAOYSA-N	CCOC(=O)C1=CC=C(N)C=C1	DTXSID8021804	parent	urban areas	pharmaceutical	anesthetics	aminobenzoic acid ester	no	Ion channel modulation	2	ESIpos	24.6	23	0	0	23.3	29.3	0	9.7	43.9
10,11-Dihydro-10-hydroxycarbamazepine	29331-92-8	BMPDWHIDQYTSHX-UHFFFAOYSA-N	NC(=O)N1C2=CC=CC=C2C(O)CC2=C1C=CC=C2	DTXSID50865484	TP	urban areas	pharmaceutical	antiepileptic	carboxamide	no	Neuroactive	1	ESIpos	0	0	0	0	0	25	0	0	0
Hexa(methoxymethyl)melamine	3089-11-0	BNCADMBVWNPPIZ-UHFFFAOYSA-N	COCN(COC)C1=NC(=NC(=N1)N(COC)COC)N(COC)COC	DTXSID9027520	parent	urban areas	polymer additive	monomer	melamine	intermediate	unknown	1	ESIpos	4	0	0	1.9	6.6	0.8	0	4.1	0
4'-Aminoacetanilide	122-80-5	CHMBIJAOCISYEW-UHFFFAOYSA-N	CC(=O)NC1=CC=C(N)C=C1	DTXSID7024455	parent	urban areas	intermediate	intermediate	aromatic amine	no	unknown	15	ESIpos	0.5	0	0	84.1	0.8	50.6	0.5	0	155
m-Xylene-4-sulfonic acid	88-61-9	CHZLVSBMXZSPNN-UHFFFAOYSA-N	CC1=CC(C)=C(C=C1)S(O)(=O)=O	DTXSID1047023	parent	urban areas	personal care and household	hydrotrope	defoamer/wetting agent	no	unknown	0.5	ESIneg	0	0	0	91.4	24.7	34.8	0	0	0
Metolachlor ESA	171118-09-5	CIGKZVUEZXGYSV-UHFFFAOYSA-N	CCC1=CC=CC(C)=C1N(C(C)COC)C(=O)CS(O)(=O)=O	DTXSID1037567	TP	agriculture	pesticide	herbicide	chloroacetanilide	no	Lipid metabolism	1	ESIpos	0	0	20.7	8.9	0	53.1	0	0	52.1
Fluvoxamine	54739-18-3	CJOFXWAVKWHTFT-UHFFFAOYSA-N	COCCCCC(=NOCCN)C1=CC=C(C=C1)C(F)(F)F	DTXSID2044002	parent	urban areas	pharmaceutical	antidepressant	SSRI	no	unknown	2	ESIpos	0	0	0	0	0	0	0.8	0	0
Chlorfenapyr	122453-73-0	CWFOCCVIPCEQCK-UHFFFAOYSA-N	CCOCN1C(=C(C#N)C(Br)=C1C(F)(F)F)C1=CC=C(Cl)C=C1	DTXSID9032533	parent	urban areas	pesticide	insecticide	pyrrole	no	Oxidative phosphorylation inhibition	1	ESIpos	0	0	0	0	19.2	0	3.3	0	0
Benzophenone-4	4065-45-6	CXVGEDCSTKKODG-UHFFFAOYSA-N	COC1=CC(O)=C(C=C1S(O)(=O)=O)C(=O)C1=CC=CC=C1	DTXSID2042436	parent	urban areas	personal care and household	UV filter	benzophenone	no	Cell and DNA protection	1	ESIneg	0	0	0	0	0	1.6	0	0	0
Desethylatrazine	6190-65-4	DFWFIQKMSFGDCQ-UHFFFAOYSA-N	CC(C)NC1=NC(N)=NC(Cl)=N1	DTXSID5037494	TP	agriculture	pesticide	herbicide	triazine	no	Photosynthesis inhibition	0.7	ESIpos	0	0	0	0	1.3	2.9	0	2.8	6.1
Ketoprofen	22071-15-4	DKYWVDODHFEZIM-UHFFFAOYSA-N	CC(C(O)=O)C1=CC=CC(=C1)C(=O)C1=CC=CC=C1	DTXSID6020771	parent	urban areas	pharmaceutical	pharmaceutical	NSAID	no	Antiinflammatory	1	ESIpos	0	0.5	0	1.3	0	0	0	0	0
Tonalide	21145-77-7	DNRJTBAOUJJKDY-UHFFFAOYSA-N	CC1CC(C)(C)C2=C(C=C(C)C(=C2)C(C)=O)C1(C)C	DTXSID7041544	parent	urban areas	personal care and household	fragrance	musk fragrance	no	unknown	2	ESIpos	0	0	0	14.932	0	0	0	0	0
Crotamiton	483-63-6	DNTGGZPQPQTDQF-XBXARRHUSA-N	CCN(C(=O)\C=C\C)C1=CC=CC=C1C	DTXSID6040664	parent	urban areas	pharmaceutical	antiparasitic	anilide analgesic	no	unknown	1	ESIpos	0	0	0	2.2	0	0.9	0	0	1
Triethylcitrate	77-93-0	DOOTYTYQINUNNV-UHFFFAOYSA-N	CCOC(=O)CC(O)(CC(=O)OCC)C(=O)OCC	DTXSID0040701	parent	urban areas	polymer additive	plasticizer	polyacid ester	food and beverage	unknown	5	ESIpos	0.6	0.2	0.4	0	0.6	2.6	0.2	0.3	0.4
Primidone	125-33-7	DQMZLTXERSFNPB-UHFFFAOYSA-N	CCC1(C(=O)NCNC1=O)C1=CC=CC=C1	DTXSID7023510	parent	urban areas	pharmaceutical	antiepileptic	barbiturate derivative	no	Neuroactive	10	ESIpos	0	0	0	8.2	0	0	0	0	0
Triethylphosphate	78-40-0	DQWPFSLDHJDLRL-UHFFFAOYSA-N	CCOP(=O)(OCC)OCC	DTXSID8026228	parent	urban areas	polymer additive	plasticizer	organophosphate	no	unknown	0.7	ESIpos	0.2	0.2	0.1	0.2	0.2	0	0.1	0.2	0.2
Benzophenone-3	131-57-7	DXGLGDHPHMLXJC-UHFFFAOYSA-N	COC1=CC=C(C(=O)C2=CC=CC=C2)C(O)=C1	DTXSID3022405	parent	urban areas	personal care and household	UV filter	benzophenone	polymer additive	Cell and DNA protection	1	ESIpos	0	0	0	0	0	1.7	0	0	0
Carbamazepine	298-46-4	FFGPTBGBLSHEPO-UHFFFAOYSA-N	NC(=O)N1C2=CC=CC=C2C=CC2=CC=CC=C12	DTXSID4022731	parent	urban areas	pharmaceutical	antiepileptic	carboxamide	no	Neuroactive	1	ESIpos	0	0	0	0	0	3.8	0	1.7	32.6
Diazinon	333-41-5	FHIVAFMUCKRCQO-UHFFFAOYSA-N	CCOP(=S)(OCC)OC1=CC(C)=NC(=N1)C(C)C	DTXSID9020407	parent	urban areas	pesticide	insecticide	organophosphate	veterinary pharmaceutical	Neuroactive	0.7	ESIpos	0	0	0	11.1	0	4	0	0	0
Octocrylene	6197-30-4	FMJSMJQBSVNSBF-UHFFFAOYSA-N	CCCCC(CC)COC(=O)C(C#N)=C(C1=CC=CC=C1)C1=CC=CC=C1	DTXSID9025299	parent	urban areas	personal care and household	UV filter	other	polymer additive	unknown	10	ESIpos	0	0	0	29.4816	0	0	0	0	0
Metribuzin	21087-64-9	FOXFZRUHNHCZPX-UHFFFAOYSA-N	CSC1=NN=C(C(=O)N1N)C(C)(C)C	DTXSID6024204	parent	agriculture	pesticide	herbicide	triazinone	no	Photosynthesis inhibition	1	ESIpos	0	0	0	15.2	0	0	0	0	0
Terbuthylazine	5915-41-3	FZXISNSWEXTPMF-UHFFFAOYSA-N	CCNC1=NC(Cl)=NC(NC(C)(C)C)=N1	DTXSID4027608	parent	agriculture	pesticide	herbicide	triazine	no	Photosynthesis inhibition	1	ESIpos	5.9	1.6	0	12.6	2.1	75.7	1.9	1.6	44.7
Sulfapyridine	144-83-2	GECHUMIMRBOMGK-UHFFFAOYSA-N	NC1=CC=C(C=C1)S(=O)(=O)NC1=NC=CC=C1	DTXSID3026067	parent	urban areas	pharmaceutical	pharmaceutical	sulfonamide	no	Antibiotic	5	ESIpos	0	0	0	0	0	0	0	0	5.1
Cyprodinil	121552-61-2	HAORKNGNJCEJBX-UHFFFAOYSA-N	CC1=NC(NC2=CC=CC=C2)=NC(=C1)C1CC1	DTXSID1032359	parent	agriculture	pesticide	fungicide	anilino-pyrimidine	no	Protein biosynthesis inhibition	0.5	ESIpos	0	0	0	6.1	0	0	0	0	0
Gemfibrozil	25812-30-0	HEMJJKBWTPKOJG-UHFFFAOYSA-N	CC1=CC(OCCCC(C)(C)C(O)=O)=C(C)C=C1	DTXSID0020652	parent	urban areas	pharmaceutical	lipid-lowering	fibrate	no	Lipid metabolism	50	ESIneg	0	0	17.2	22.1	7.9	19.2	0	0	13.1
Thiacloprid	111988-49-9	HOKKPVIRMVDYPB-GXDHUFHOSA-N	ClC1=CC=C(CN2CCS\C2=N\C#N)C=N1	DTXSID7034961	parent	multiple	pesticide	insecticide	neonicotinoide	biocide	Neuroactive	1	ESIpos	0	0	0	13.2	0	0	0	0	0
Mycophenolic acid	24280-93-1	HPNSFSBZBAHARI-RUDMXATFSA-N	COC1=C(C)C2=C(C(=O)OC2)C(O)=C1C\C=C(/C)CCC(O)=O	DTXSID4041070	parent	urban areas	pharmaceutical	antineoplastic	immunosuppressant	no	Antibiotic	1	ESIpos	0	0	0	45.4	0	0	0	0	0
Mefenamic acid	61-68-7	HYYBABOKPJLUIN-UHFFFAOYSA-N	CC1=C(C)C(NC2=CC=CC=C2C(O)=O)=CC=C1	DTXSID5023243	parent	urban areas	pharmaceutical	anti-inflammatory/antirheumatic	NSAID	no	Antiinflammatory	1	ESIneg	0	0	0	0	3.3	1.7	0	0	0
Myclobutanil	88671-89-0	HZJKXKUJVSEEFU-UHFFFAOYSA-N	CCCCC(CN1C=NC=N1)(C#N)C1=CC=C(Cl)C=C1	DTXSID8024315	parent	agriculture	pesticide	fungicide	azole	no	Sterol biosynthesis inhibition	0.7	ESIpos	0	0	0	41.3	0	0	0	0	0
Pyraclostrobin	175013-18-0	HZRSNVGNWUDEFX-UHFFFAOYSA-N	CON(C(=O)OC)C1=C(COC2=NN(C=C2)C2=CC=C(Cl)C=C2)C=CC=C1	DTXSID7032638	parent	agriculture	pesticide	fungicide	strobilurine	no	Respiration inhibition	1	ESIpos	0	0	0	2.4	0	0	0	0	0
Benzothiazole	95-16-9	IOJUPLGTWVMSFF-UHFFFAOYSA-N	S1C=NC2=CC=CC=C12	DTXSID7024586	TP and parent	urban areas	polymer additive	rubber additive	vulcanisation accelerator	intermediate	unknown	25	ESIpos	501.5	655.1	0	452.1	459.3	496.6	37.9	345.3	291.6
Metazachlor ESA	172960-62-2	IPVCSECPEVHQOV-UHFFFAOYSA-N	CC1=CC=CC(C)=C1N(CN1C=CC=N1)C(=O)CS(O)(=O)=O	DTXSID40891454	TP	agriculture	pesticide	herbicide	chloroacetanilide	no	Lipid metabolism	1	ESIneg	0	0	0	0	0	0.2	0	0	0.3
Desisopropylatrazine	1007-28-9	IVENSCMCQBJAKW-UHFFFAOYSA-N	CCNC1=NC(Cl)=NC(N)=N1	DTXSID0037495	TP	agriculture	pesticide	herbicide	triazine	no	unknown	2.5	ESIpos	0	0	0	0	6.4	26.7	0	0	26.8
Phenylethylmalonamide	7206-76-0	JFZHPFOXAAIUMB-UHFFFAOYSA-N	CCC(C(N)=O)(C(N)=O)C1=CC=CC=C1	DTXSID3025885	TP	urban areas	pharmaceutical	antiepileptic	barbiturate derivative	no	Neuroactive	0.5	ESIpos	0	0	0	0	0	0	0	0	4.6
Didecyldimethylammonium	20256-56-8	JGFDZZLUDWMUQH-UHFFFAOYSA-N	CCCCCCCCCC[N+](C)(C)CCCCCCCCCC	DTXSID0048004	parent	urban areas	pesticide	antimicrobial	QAC	no	Cell membrane disruption	15	ESIpos	0.2	0.2	0.5	0.3	0.2	0.5	0.3	0.2	0.3
Sulfamethoxazole	723-46-6	JLKIGFTWXXRPMT-UHFFFAOYSA-N	CC1=CC(NS(=O)(=O)C2=CC=C(N)C=C2)=NO1	DTXSID8026064	parent	urban areas	pharmaceutical	pharmaceutical	sulfonamide	no	Antibiotic	2	ESIpos	0	0	0	0	0	0	0	2.2	8.6
2-Amido-3,5,6-trichloro-4-cyanobenzenesulfonic acid	1418095-02-9	JNMMKKYUIIQPDG-UHFFFAOYSA-N	NC(=O)C1=C(C(Cl)=C(Cl)C(C#N)=C1Cl)S(O)(=O)=O	DTXSID60891330	TP	agriculture	pesticide	fungicide	aromatic compound	no	Glycolysis inhibition	0.5	ESIneg	0	0	0	0	0	63.1	0	0	47.6
2,2,6,6-Tetramethyl-4 piperidone	826-36-8	JWUXJYZVKZKLTJ-UHFFFAOYSA-N	CC1(C)CC(=O)CC(C)(C)N1	DTXSID4041527	parent	urban areas	intermediate	intermediate	piperdine	no	unknown	0.5	ESIpos	2.5	1.6	1.7	1.9	1.7	1.6	1.6	2.1	1.8
2-Aminobenzimidazole	934-32-7	JWYUFVNJZUSCSM-UHFFFAOYSA-N	NC1=NC2=CC=CC=C2N1	DTXSID1024465	TP	multiple	pesticide	fungicide	benzimidazole	pesticide	Mitosis, Cell cycle	1	ESIpos	0	0	0	0	0	0	0	0	3.6
Di-n-butyl phosphate	107-66-4	JYFHYPJRHGVZDY-UHFFFAOYSA-N	CCCCOP(O)(=O)OCCCC	DTXSID3040728	TP	urban areas	polymer additive	plasticizer	organophosphate	no	unknown	0.5	ESIpos	0	0	0	10.5	0	0	0	0	0
2-Naphthalene sulfonic acid	120-18-3	KVBGVZZKJNLNJU-UHFFFAOYSA-N	OS(=O)(=O)C1=CC=C2C=CC=CC2=C1	DTXSID5044788	parent and TP	urban areas	intermediate	intermediate	arylsulfonic acid	no	unknown	8	ESIneg	0.2	0	0	0.1	0	0.2	0	0	0
2,2-Dimethoxy-2-phenylacetophenone	24650-42-8	KWVGIHKZDCUPEU-UHFFFAOYSA-N	COC(OC)(C(=O)C1=CC=CC=C1)C1=CC=CC=C1	DTXSID7037715	parent	urban areas	additive	fluid additive	aromatic compound	no	unknown	0.5	ESIpos	57.3344	57.5077	52.1269	224.6059	59.1331	57.7787	62.7063	56.7252	61.9081
Thiacloprid amide	676228-91-4	LEZHOZPJYAQQNU-UVTDQMKNSA-N	NC(=O)\N=C1/SCCN1CC1=CN=C(Cl)C=C1	DTXSID60583566	TP	multiple	pesticide	insecticide	neonicotinoide	biocide	Neuroactive	1	ESIpos	0	0	0	7.3	0	0	0	0	0
Propanil	709-98-8	LFULEKSKNZEWOE-UHFFFAOYSA-N	CCC(=O)NC1=CC(Cl)=C(Cl)C=C1	DTXSID8022111	parent	agriculture	pesticide	herbicide	amide	no	Photosynthesis inhibition	2	ESIneg	2.1	0	0	0	0	0	0	0	0
2-Hydroxyquinoline	59-31-4	LISFMEBWQUVKPJ-UHFFFAOYSA-N	OC1=NC2=CC=CC=C2C=C1	DTXSID1058769	TP	urban areas	intermediate	intermediate	N-heteroaromatic compound	Combustion and coal tar	unknown	0.5	ESIpos	3.6	0	0	10.1	19.6	8	10.1	11.8	0
Desethylterbutylazine	30125-63-4	LMKQNTMFZLAJDV-UHFFFAOYSA-N	CC(C)(C)NC1=NC(Cl)=NC(N)=N1	DTXSID80184211	TP	agriculture	pesticide	herbicide	triazine	no	Photosynthesis inhibition	1	ESIpos	4.3	0	0	12.5	14.1	146.8	0	4.2	90.4
Metolachlor OA	152019-73-3	LNOOSYCKMKZOJB-UHFFFAOYSA-N	CCC1=C(N(C(C)COC)C(=O)C(O)=O)C(C)=CC=C1	DTXSID6037568	TP	agriculture	pesticide	herbicide	chloroacetanilide	no	Lipid metabolism	1	ESIneg	0	0	0	0	0	5.2	0	0	3.1
5-Methyl-1H-benzotriazole	136-85-6	LRUDIIUSNGCQKF-UHFFFAOYSA-N	CC1=CC=C2NN=NC2=C1	DTXSID1038743	parent	urban areas	personal care and household	corrosion inhibitor	benzotriazole	additive	unknown	2	ESIpos	0	0	0	9.5	4.8	0	3.5	0.2	9.8
TMDD	126-86-3	LXOFYPKXCSULTL-UHFFFAOYSA-N	CC(C)CC(C)(O)C#CC(C)(O)CC(C)C	DTXSID7027041	parent	multiple	additive	fluid additive	defoamer/wetting agent	no	unknown	100	ESIpos	0	0	0	0	0	0	0.4	0	0
Dimethoate	60-51-5	MCWXGJITAZMZEV-UHFFFAOYSA-N	CNC(=O)CSP(=S)(OC)OC	DTXSID7020479	parent	agriculture	pesticide	insecticide	organophosphate	no	Neuroactive	1	ESIpos	0	0	0	1.3	0	0	0	0	0
Chlorothalonil-4-hydroxy	28343-61-5	MDQKYGOECVSPIW-UHFFFAOYSA-N	OC1=C(Cl)C(Cl)=C(C#N)C(Cl)=C1C#N	DTXSID90182586	TP	agriculture	pesticide	fungicide	aromatic compound	no	Glycolysis inhibition	1	ESIneg	0	0	0	6.1	0	0.9	0	0.2	0
Trenbolone	10161-33-8	MEHHPFQKXOUFFV-FOIPXRHGSA-N	C[C@]12C=CC3=C4CCC(=O)C=C4CCC3C1CC[C@@H]2O	DTXSID0034192	parent	urban areas	pharmaceutical	steroid	androgen	no	Endocrine	1	ESIpos	0	0	0	0	3.7	0	0	0	49.9
Lauric isopropanolamide	142-54-1	MMBILEWCGWTAOV-UHFFFAOYSA-N	CCCCCCCCCCCC(=O)NCC(C)O	DTXSID00861815	parent	urban areas	personal care and household	surfactant	nonionic surfactant	no	unknown	1	ESIpos	0	0	0	0.9	0.6	0	0	0.4	0
DEET	134-62-3	MMOXZBCLCQITDF-UHFFFAOYSA-N	CCN(CC)C(=O)C1=CC=CC(C)=C1	DTXSID2021995	parent	urban areas	pesticide	insect repellent	insect repellent	no	Olfactory/Gustatory system	0.7	ESIpos	0.6	0.2	0.3	0	0	1.2	0.2	0.2	0
Atrazine	1912-24-9	MXWJVTOOROXGIU-UHFFFAOYSA-N	CCNC1=NC(NC(C)C)=NC(Cl)=N1	DTXSID9020112	parent	agriculture	pesticide	herbicide	triazine	no	Photosynthesis inhibition	1	ESIpos	0	0	0	11.1	0	3	0	0	24
2-Hydroxyatrazine	2163-68-0	NFMIMWNQWAWNDW-UHFFFAOYSA-N	CCNC1=NC(O)=NC(NC(C)C)=N1	DTXSID6037807	TP	agriculture	pesticide	herbicide	triazine	no	Photosynthesis inhibition	5	ESIpos	0	0	0	1.4	0	3.7	0	0	2
Triclosan-methyl	4640-01-1	NLYDHBBTVWMLFD-UHFFFAOYSA-N	COC1=C(OC2=C(Cl)C=C(Cl)C=C2)C=CC(Cl)=C1	DTXSID0047874	TP	urban areas	pesticide	antimicrobial	chlorinated phenoxyphenol	no	unknown	0.5	ESIpos	0	0.3566	0	0.6492	0	0	0.3754	0	0
Mepiquat	15302-91-7	NNCAWEWCFVZOGF-UHFFFAOYSA-N	C[N+]1(C)CCCCC1	DTXSID9042122	parent	agriculture	pesticide	herbicide	plant growth regulator	no	Hormone biosynthesis inhibition	10	ESIpos	0	0	0	0	0	0	0	0	17.4
Lidocaine	137-58-6	NNJVILVZKWQKPM-UHFFFAOYSA-N	CCN(CC)CC(=O)NC1=C(C)C=CC=C1C	DTXSID1045166	parent	urban areas	pharmaceutical	anesthetics	amide	no	Neuroactive	5	ESIpos	0	0	0	0	0	0	0	0	3
2-Hydroxydesethylterbuthylazine	66753-06-8	NUISVCFZNCYUIM-UHFFFAOYSA-N	CC(C)(C)NC1=NC(N)=NC(O)=N1	DTXSID60216887	TP	agriculture	pesticide	herbicide	triazine	no	Photosynthesis inhibition	0.5	ESIneg	0	0	0	2.6	0	98.2	0	0	0.9
Thiamethoxam	153719-23-4	NWWZPOKUUAIXIW-DHZHZOJOSA-N	CN1COCN(CC2=CN=C(Cl)S2)\C1=N\[N+]([O-])=O	DTXSID2034962	parent	multiple	pesticide	insecticide	neonicotinoide	no	Neuroactive	1	ESIpos	0	0	0	0	0	38.7	0	0	0
Simazine	122-34-9	ODCWYMIRDDJXKW-UHFFFAOYSA-N	CCNC1=NC(NCC)=NC(Cl)=N1	DTXSID4021268	parent	agriculture	pesticide	herbicide	triazine	no	Photosynthesis inhibition	1	ESIpos	5.1	0	0	5.5	0	75.5	0	4.3	58.4
N-Acetyl-4-aminoantipyrine	83-15-8	OIAGWXKSCXPNNZ-UHFFFAOYSA-N	CN1N(C(=O)C(NC(C)=O)=C1C)C1=CC=CC=C1	DTXSID40232106	TP	urban areas	pharmaceutical	analgesic	pyrazolone analgesic	no	Antiinflammatory	25	ESIpos	0	0	0	10.1	19	16.1	1.3	4.2	10.7
N-Methyldodecylamine	7311-30-0	OMEMQVZNTDHENJ-UHFFFAOYSA-N	CCCCCCCCCCCCNC	DTXSID90223387	TP	urban areas	personal care and household	surfactant	alkylamine	intermediate	unknown	0.5	ESIpos	0	0	0	0	0	0	2	0	0
N,N-Dimethyltetradecylamine-N-oxide	3332-27-2	ONHFWHCMZAJCFB-UHFFFAOYSA-N	CCCCCCCCCCCCCC[N+](C)(C)[O-]	DTXSID2029660	parent	urban areas	personal care and household	surfactant	nonionic surfactant	no	unknown	0.5	ESIpos	0.2	0	0.3	7.1	0	0.3	0.3	0.2	0
Galaxolide	1222-05-5	ONKNPOPIGWHAQC-UHFFFAOYSA-N	CC1C(C)(C)C2=CC3=C(C=C2C1(C)C)C(C)COC3	DTXSID8027373	parent	urban areas	personal care and household	fragrance	musk fragrance	no	unknown	0.5	ESIpos	0	0	0	306.8068	0	0	0	0	0
Oxyfluorfen	42874-03-3	OQMBBFQZGJFLBU-UHFFFAOYSA-N	CCOC1=CC(OC2=CC=C(C=C2Cl)C(F)(F)F)=CC=C1[N+]([O-])=O	DTXSID7024241	parent	agriculture	pesticide	herbicide	nitrophenol ether	no	unknown	0.5	ESIpos	0	0	0	172.2	0	12.9	0	0	0
2,4-Dichlorophenoxyacetic acid	94-75-7	OVSKIKFHRZPJSS-UHFFFAOYSA-N	OC(=O)COC1=C(Cl)C=C(Cl)C=C1	DTXSID0020442	parent	agriculture	pesticide	herbicide	phenoxyacetic acid	no	Synthetic Auxin	1	ESIneg	0	0	0	0	0	4	0	0	0
Climbazole	38083-17-9	OWEGWHBOCFMBLP-UHFFFAOYSA-N	CC(C)(C)C(=O)C(OC1=CC=C(Cl)C=C1)N1C=CN=C1	DTXSID6046555	parent	urban areas	personal care and household	antifungal	imidazole	pharmaceutical	Sterol biosynthesis inhibition	0.5	ESIpos	0	0	0	0	0	3.8	0	0	0
1,3-Diphenylguanidine	102-06-7	OWRCNXZUPFZXOS-UHFFFAOYSA-N	N=C(NC1=CC=CC=C1)NC1=CC=CC=C1	DTXSID3025178	parent	urban areas	polymer additive	rubber additive	vulcanisation accelerator	no	unknown	0.5	ESIpos	41.3	0	38.5	1.9	75.5	125.9	57.8	1.6	37.9
Dinoseb	88-85-7	OWZPCEFYPSAJFR-UHFFFAOYSA-N	CCC(C)C1=C(O)C(=CC(=C1)[N+]([O-])=O)[N+]([O-])=O	DTXSID3020207	parent	agriculture	pesticide	herbicide	dinitrophenol	no	Respiration inhibition	0.5	ESIneg	2.6	4.3	2.4	0	0.3	0.3	0	3.5	0.8
Terbuthylazine-2-hydroxy	66753-07-9	OYTCZOJKXCTBHG-UHFFFAOYSA-N	CCNC1=NC(=O)N=C(NC(C)(C)C)N1	DTXSID20216888	TP	agriculture	pesticide	herbicide	triazine	no	Photosynthesis inhibition	4	ESIpos	0	0	0	0	0	16.2	0	0	7.5
Clothianidin	210880-92-5	PGOOBECODWQEAB-UHFFFAOYSA-N	CN\C(NCC1=CN=C(Cl)S1)=N/[N+]([O-])=O	DTXSID2034465	parent	multiple	pesticide	insecticide	neonicotinoide	biocide	Neuroactive	1	ESIpos	0	0	0	0	0	11	0	0	10.3
4-Hydroxyquinoline	611-36-9	PMZDQRJGMBOQBF-UHFFFAOYSA-N	OC1=CC=NC2=CC=CC=C12	DTXSID50209980	TP	urban areas	intermediate	intermediate	N-heteroaromatic compound	Combustion and coal tar	unknown	0.5	ESIpos	7.3	0	0	25.8	13.9	15.3	14.6	20.9	53.4
10,11-Dihydro-10,11-dihydroxycarbamazepine	35079-97-1	PRGQOPPDPVELEG-UHFFFAOYSA-N	NC(=O)N1C2=CC=CC=C2C(O)C(O)C2=CC=CC=C12	DTXSID30891504	TP	urban areas	pharmaceutical	antiepileptic	carboxamide	no	Neuroactive	1	ESIpos	0	0	0	0	0	0	0	15.3	139.4
Losartan	114798-26-4	PSIFNNKUMBGKDQ-UHFFFAOYSA-N	CCCCC1=NC(Cl)=C(CO)N1CC1=CC=C(C=C1)C1=CC=CC=C1C1=NNN=N1	DTXSID7023227	parent	urban areas	pharmaceutical	antihypertensive	Sartan (Angiotensin II receptor blocker)	no	Cardiovascular system	2	ESIpos	0	0	0	3.1	0	17.2	0	1.2	6.2
Metoprolol acid	56392-14-4	PUQIRTNPJRFRCZ-UHFFFAOYSA-N	CC(C)NCC(O)COC1=CC=C(CC(O)=O)C=C1	DTXSID70881080	TP	urban areas	pharmaceutical	antihypertensive	beta blocker	no	Cardiovascular system	15	ESIpos	0	0	0	0	0	0	0	0	1.3
Tebuconazole	107534-96-3	PXMNMQRDXWABCY-UHFFFAOYSA-N	CC(C)(C)C(O)(CCC1=CC=C(Cl)C=C1)CN1C=NC=N1	DTXSID9032113	parent	multiple	pesticide	fungicide	azole	biocide	Sterol biosynthesis inhibition	0.7	ESIpos	0	0	0	9.6	0	0.7	0	0	0
Perfluorohexanoic acid	307-24-4	PXUULQAPEKKVAH-UHFFFAOYSA-N	OC(=O)C(F)(F)C(F)(F)C(F)(F)C(F)(F)C(F)(F)F	DTXSID3031862	parent and TP	urban areas	PFAS	Perfluoroalkyl acids	Perfluoroalkyl carboxylic acids	no	unknown	2	ESIneg	0.8	0.6	0.7	1.2	0.5	0.9	0	0.5	0.9
Propyphenazone	479-92-5	PXWLVJLKJGVOKE-UHFFFAOYSA-N	CC(C)C1=C(C)N(C)N(C1=O)C1=CC=CC=C1	DTXSID6023529	parent	urban areas	pharmaceutical	analgesic	pyrazolone analgesic	no	Antiinflammatory	0.7	ESIpos	0	0	0	0	0	2	0	0	0.3
Lamotrigine	84057-84-1	PYZRQGJRPPTADH-UHFFFAOYSA-N	NC1=NC(N)=C(N=N1)C1=C(Cl)C(Cl)=CC=C1	DTXSID2023195	parent	urban areas	pharmaceutical	antiepileptic	other	no	Neuroactive	0.5	ESIpos	0	0	0	0	1.3	0	0	2.7	20
Imazalil	35554-44-0	PZBPKYOVPCNPJY-UHFFFAOYSA-N	ClC1=CC=C(C(CN2C=CN=C2)OCC=C)C(Cl)=C1	DTXSID8024151	parent	multiple	pesticide	fungicide	imidazole	preservative	Sterol biosynthesis inhibition	1	ESIpos	0	0	0	0	0	0	0	5	0
Dicyclohexyl sulfosuccinate	137361-04-7	QPSVFNQMURAADJ-UHFFFAOYSA-N	OS(=O)(=O)C(CC(=O)OC1CCCCC1)C(=O)OC1CCCCC1	DTXSID3047213	parent	urban areas	personal care and household	hydrotrope	wetting agent	no	unknown	0.5	ESIneg	0	0	0	0.8	0	0	0	0	0
Metolachlor CGA 368208	1173021-76-5	QPVPJECIHVSBLZ-UHFFFAOYSA-N	CCC1=CC=CC(C)=C1NC(=O)CS(O)(=O)=O	DTXSID401017913	TP	agriculture	pesticide	herbicide	chloroacetanilide	no	unknown	0.5	ESIneg	0	0	0	0	0	0	0	0	3.7
1H-Benzotriazole	95-14-7	QRUDEWIWKLJBPS-UHFFFAOYSA-N	N1N=NC2=CC=CC=C12	DTXSID6020147	parent	urban areas	personal care and household	corrosion inhibitor	benzotriazole	additive	unknown	5	ESIpos	0	0	0	4.8	0	0	1.4	0	0
Fluconazole	86386-73-4	RFHAOTPXVQNOHP-UHFFFAOYSA-N	OC(CN1C=NC=N1)(CN1C=NC=N1)C1=C(F)C=C(F)C=C1	DTXSID3020627	parent	urban areas	pharmaceutical	antimycotics	azole	no	Sterol biosynthesis inhibition	2	ESIpos	0	0	0	0	0	0	0	0	18.2
4-Aminoantipyrine	83-07-8	RLFWWDJHLFCNIJ-UHFFFAOYSA-N	CN1N(C(=O)C(N)=C1C)C1=CC=CC=C1	DTXSID8048860	parent	urban areas	pharmaceutical	analgesic	pyrazolone analgesic	no	Antiinflammatory	18	ESIpos	0	0	0	0	0	0	0	0	11.8
Telmisartan	144701-48-4	RMMXLENWKUUMAY-UHFFFAOYSA-N	CCCC1=NC2=C(C)C=C(C=C2N1CC1=CC=C(C=C1)C1=CC=CC=C1C(O)=O)C1=NC2=CC=CC=C2N1C	DTXSID8023636	parent	urban areas	pharmaceutical	antihypertensive	Sartan (Angiotensin II receptor blocker)	no	Cardiovascular system	0.5	ESIpos	0	0	0	0	0	7	0	0	3.9
Dimethylaminophenazone	58-15-1	RMMXTBMQSGEXHJ-UHFFFAOYSA-N	CN(C)C1=C(C)N(C)N(C1=O)C1=CC=CC=C1	DTXSID7020504	parent	urban areas	pharmaceutical	analgesic	pyrazolone analgesic	no	Antiinflammatory	1	ESIpos	0	0	0.5	0	0.9	0	0	0	1.2
o-Toluidine	95-53-4	RNVCVTLRINQCPJ-UHFFFAOYSA-N	CC1=C(N)C=CC=C1	DTXSID1026164	parent and TP	urban areas	intermediate	intermediate	aromatic amine	no	unknown	0.5	ESIpos	0	0	0	525.1	0	0	0.5	0	0.8
Dimethachlor ESA	1231710-75-0	RVSCDWJKJDBFRS-UHFFFAOYSA-N	COCCN(C(=O)CS(O)(=O)=O)C1=C(C)C=CC=C1C	DTXSID20891457	TP	agriculture	pesticide	herbicide	chloroacetanilide	no	Lipid metabolism	1	ESIpos	0	0	0	4.4	0	0	0	0	0
Celecoxib	169590-42-5	RZEKVGVHFLEQIL-UHFFFAOYSA-N	CC1=CC=C(C=C1)C1=CC(=NN1C1=CC=C(C=C1)S(N)(=O)=O)C(F)(F)F	DTXSID0022777	parent	urban areas	pharmaceutical	anti-inflammatory/antirheumatic	NSAID	no	Antiinflammatory	1	ESIneg	0	0	0	0	0	0	76.3	0	0
Chlorpyrifos	2921-88-2	SBPBAQFWLVIOKP-UHFFFAOYSA-N	CCOP(=S)(OCC)OC1=NC(Cl)=C(Cl)C=C1Cl	DTXSID4020458	parent	multiple	pesticide	insecticide	organophosphate	no	Neuroactive	0.5	ESIneg	0	0	0	75.8	0	8.1	0	0	0
Benzyl benzoate	120-51-4	SESFRYSPDFLNCH-UHFFFAOYSA-N	O=C(OCC1=CC=CC=C1)C1=CC=CC=C1	DTXSID8029153	parent	urban areas	personal care and household	antimicrobial	preservative	intermediate	Neuroactive	0.5	ESIpos	0	0	0	0	72.2391	0	0	0	83.9199
Benzethonium	10172-60-8	SIYLLGKDQZGJHK-UHFFFAOYSA-N	CC(C)(C)CC(C)(C)C1=CC=C(OCCOCC[N+](C)(C)CC2=CC=CC=C2)C=C1	DTXSID5046984	parent	urban areas	pesticide	antimicrobial	QAC	personal care and household	unknown	2	ESIpos	0	0	0	0	0	0	2.4	0	0
Perfluorooctanoic acid	335-67-1	SNGREZUHAYWORS-UHFFFAOYSA-N	OC(=O)C(F)(F)C(F)(F)C(F)(F)C(F)(F)C(F)(F)C(F)(F)C(F)(F)F	DTXSID8031865	parent and TP	urban areas	PFAS	Perfluoroalkyl acids	Perfluoroalkyl carboxylic acids	no	Lipid metabolism	0.5	ESIneg	1.5	1.3	1.4	1.5	0.9	1.2	0	1	1.5
4-Hydroxy-1-(2-hydroxyethyl)-2,2,6,6-tetramethylpiperidine	52722-86-8	STEYNUVPFMIUOY-UHFFFAOYSA-N	CC1(C)CC(O)CC(C)(C)N1CCO	DTXSID4068795	parent	urban areas	intermediate	intermediate	alkylamine	no	unknown	0.5	ESIpos	1.8	0	0.6	0	0	0	2.9	0.8	0.6
Propiconazole	60207-90-1	STJLVHWMYQXCPB-UHFFFAOYSA-N	CCCC1COC(CN2C=NC=N2)(O1)C1=C(Cl)C=C(Cl)C=C1	DTXSID8024280	parent	multiple	pesticide	fungicide	azole	biocide	Sterol biosynthesis inhibition	0.7	ESIpos	0	0	0	32.2	0	2.6	0	0	0
N,N-Dimethyldodecylamine N-oxide	1643-20-5	SYELZBGXAIXKHU-UHFFFAOYSA-N	CCCCCCCCCCCC[N+](C)(C)[O-]	DTXSID1020514	parent	urban areas	personal care and household	surfactant	nonionic surfactant	no	unknown	1	ESIpos	0	0	0	8.7	0	0	0	0	0
Pravastatin	81093-37-0	TUZYXOIXSAXUGO-UHFFFAOYSA-N	CCC(C)C(=O)OC1CC(O)C=C2C=CC(C)C(CCC(O)CC(O)CC(O)=O)C12	DTXSID6023498	parent	urban areas	pharmaceutical	lipid-lowering	Statin (HMG-CoA reductase inhibitor)	no	Sterol biosynthesis inhibition	2	ESIneg	0	0	0	2.3	0	0	0	0	0
Prochloraz	67747-09-5	TVLSRXXIMLFWEO-UHFFFAOYSA-N	CCCN(CCOC1=C(Cl)C=C(Cl)C=C1Cl)C(=O)N1C=CN=C1	DTXSID4024270	parent	agriculture	pesticide	fungicide	imidazole	no	Sterol biosynthesis inhibition	1	ESIpos	0	0	0	0	0	5.2	0	0	0
Tramadol	27203-92-5	TVYLLZQTGLZFBW-ZBFHGGJFSA-N	COC1=CC=CC(=C1)[C@@]1(O)CCCC[C@@H]1CN(C)C	DTXSID90858931	parent	urban areas	pharmaceutical	analgesic	opioid	no	Neuroactive	3	ESIpos	0	0	0	0	2.3	1.4	0	1.5	4.9
Carbendazim	10605-21-7	TWFZGCMQGLPBSX-UHFFFAOYSA-N	COC(=O)NC1=NC2=CC=CC=C2N1	DTXSID4024729	parent and TP	multiple	pesticide	fungicide	benzimidazole	pesticide	Mitosis, Cell cycle	1	ESIpos	0	0	0	0	0	15.2	0	0	6.1
Genistein	446-72-0	TZBJGXHYKVUXJN-UHFFFAOYSA-N	OC1=CC=C(C=C1)C1=COC2=CC(O)=CC(O)=C2C1=O	DTXSID5022308	parent	urban areas	food and beverage	plant constituent	isoflavone	natural compound	Endocrine	1	ESIneg	0	0	0	83.1	0	0	20.1	0	0
Imidacloprid-guanidine	115970-17-7	UEQZFAGVRGWPDK-UHFFFAOYSA-N	NC1=NCCN1CC1=CN=C(Cl)C=C1	DTXSID90436011	TP	multiple	pesticide	insecticide	neonicotinoide	biocide	Neuroactive	1	ESIpos	0	0	0	14.3	0	7.7	0	0	0
2,4-Dinitrophenol	51-28-5	UFBJCMHMOXMLKC-UHFFFAOYSA-N	OC1=C(C=C(C=C1)[N+]([O-])=O)[N+]([O-])=O	DTXSID0020523	parent and TP	urban areas	intermediate	intermediate	phenol	no	Respiration inhibition	2	ESIneg	10.9	0	0	15.4	0	0	0	0.2	0
Cyproconazole	94361-06-5	UFNOUKDBUJZYDE-UHFFFAOYSA-N	CC(C1CC1)C(O)(CN1C=NC=N1)C1=CC=C(Cl)C=C1	DTXSID0032601	parent	multiple	pesticide	fungicide	azole	pesticide	Sterol biosynthesis inhibition	0.7	ESIpos	0	0	0	4.1	0	0	0	0	0
Methomyl	16752-77-5	UHXUZOCRWCRNSJ-QPJJXVBHSA-N	CNC(=O)O\N=C(/C)SC	DTXSID1022267	parent	agriculture	pesticide	insecticide	carbamate	no	Neuroactive	0.5	ESIpos	0	0	0	0	0	107.3	0	0	0
Cotinine	486-56-6	UIKROCXWUNQSPJ-VIFPVBQESA-N	CN1[C@@H](CCC1=O)C1=CC=CN=C1	DTXSID1047576	TP	urban areas	food and beverage	stimulans	stimulans	no	Neuroactive	2	ESIpos	0	0	0	35.3	5.6	14.1	0	0	2.5
Canrenone	976-71-6	UJVLDDZCTMKXJK-AFDHUMPMSA-N	CC12CC[C@H]3C(C=CC4=CC(=O)CCC34C)[C@@H]1CCC21CCC(=O)O1	DTXSID3045930	TP and parent	urban areas	pharmaceutical	steroid	mineralcorticoid	no	Endocrine	2	ESIpos	0	0	0	0	190.8	0	55.7	0	0
Erythromycin	114-07-8	ULGZDMOVFRHVEP-RWJQBGPGSA-N	CC[C@H]1OC(=O)[C@H](C)[C@@H](O[C@H]2C[C@@](C)(OC)[C@@H](O)[C@H](C)O2)[C@H](C)[C@@H](O[C@@H]2O[C@H](C)C[C@@H]([C@H]2O)N(C)C)[C@](C)(O)C[C@@H](C)C(=O)[C@H](C)[C@@H](O)[C@]1(C)O	DTXSID4022991	parent	urban areas	pharmaceutical	antibiotic	macrolide	no	Antibiotic	5	ESIpos	0.7	0.6	0.5	0.6	0.6	0	8.7	0.7	0.6
2-(Methylthio)benzothiazole	615-22-5	UTBVIMLZIRIFFR-UHFFFAOYSA-N	CSC1=NC2=CC=CC=C2S1	DTXSID70274236	parent	urban areas	polymer additive	rubber additive	vulcanisation accelerator	no	Metabolic system	10	ESIpos	0	0	0	0	93.3	0	0	0	0
Phenylbenzimidazole sulfonic acid	27503-81-7	UVCJGUGAGLDPAA-UHFFFAOYSA-N	OS(=O)(=O)C1=CC=C2NC(=NC2=C1)C1=CC=CC=C1	DTXSID3038852	parent	urban areas	personal care and household	UV filter	benzimidazole	no	Nucleic acid damage	5	ESIpos	0	0	0	0	0	0	0	0	4
Phenazone	60-80-0	VEQOALNAAJBPNY-UHFFFAOYSA-N	CN1N(C(=O)C=C1C)C1=CC=CC=C1	DTXSID6021117	parent	urban areas	pharmaceutical	analgesic	pyrazolone analgesic	no	Antiinflammatory	0.5	ESIpos	0	0	0	0	0	0	0	0	5.8
Metamitron	41394-05-2	VHCNQEUWZYOAEV-UHFFFAOYSA-N	CC1=NN=C(C(=O)N1N)C1=CC=CC=C1	DTXSID7047568	parent	agriculture	pesticide	herbicide	triazinone	no	Photosynthesis inhibition	1	ESIpos	0	0	0	0	0	0	0	0.7	0
2-Hydroxycarbamazepine	68011-66-5	VPZIYMMSJFWLSP-UHFFFAOYSA-N	NC(=O)N1C2=CC=CC=C2C=CC2=CC(O)=CC=C12	DTXSID20218201	TP	urban areas	pharmaceutical	antiepileptic	carboxamide	no	Neuroactive	1	ESIpos	0	0	0	0	0	0	0	0.9	11.4
Acetochlor	34256-82-1	VTNQPKFIQCLBDU-UHFFFAOYSA-N	CCOCN(C(=O)CCl)C1=C(C)C=CC=C1CC	DTXSID8023848	parent	agriculture	pesticide	herbicide	chloroacetanilide	no	Lipid metabolism	2	ESIpos	0	0	0	0	0	21.2	0	0	0
Desonide	638-94-8	WBGKWQHBNHJJPZ-LECWWXJVSA-N	CC1(C)O[C@@H]2C[C@H]3[C@@H]4CCC5=CC(=O)C=C[C@]5(C)[C@H]4[C@@H](O)C[C@]3(C)[C@@]2(O1)C(=O)CO	DTXSID7046756	parent	urban areas	pharmaceutical	steroid	Glucocorticoid	no	unknown	0.5	ESIpos	0	0	0	0	0	0	0.5	0	0
Acetamiprid	135410-20-7	WCXDHFDTOYPNIE-UHFFFAOYSA-N	CN(CC1=CC=C(Cl)N=C1)C(C)=NC#N	DTXSID0034300	parent	multiple	pesticide	insecticide	neonicotinoide	biocide	Neuroactive	1	ESIpos	0	0	0	74.3	0	2.2	0	0	0
3,5,6-Trichloro-2-pyridinol	6515-38-4	WCYYAQFQZQEUEN-UHFFFAOYSA-N	OC1=C(Cl)C=C(Cl)C(Cl)=N1	DTXSID7038317	TP	multiple	pesticide	insecticide	organophosphate	no	Neuroactive	1	ESIneg	0	0	0	11.8	0	0	0	0	0
Azoxystrobin	131860-33-8	WFDXOXNFNRHQEC-UHFFFAOYSA-N	COC=C(C(=O)OC)C1=C(OC2=NC=NC(OC3=C(C=CC=C3)C#N)=C2)C=CC=C1	DTXSID0032520	parent	agriculture	pesticide	fungicide	strobilurine	no	Respiration inhibition	1	ESIpos	0	0	0	3.3	0	0	0	0	0
MCPA	94-74-6	WHKUVVPPKQRRBV-UHFFFAOYSA-N	CC1=CC(Cl)=CC=C1OCC(O)=O	DTXSID4024195	parent	agriculture	pesticide	herbicide	phenoxyacetic acid	no	Synthetic Auxin	1	ESIneg	0	0	0	247.4	0	12.9	0	0	0
Thiabendazole	148-79-8	WJCNZQLZVWNLKY-UHFFFAOYSA-N	N1C2=CC=CC=C2N=C1C1=CSC=N1	DTXSID0021337	parent	multiple	pesticide	fungicide	benzimidazole	preservative	Respiration inhibition	2.5	ESIpos	0	0	0	0	0	2.7	0	1.7	44
Benzyl-2-naphthylether	613-62-7	WLTCCDHHWYAMCG-UHFFFAOYSA-N	C(OC1=CC=C2C=CC=CC2=C1)C1=CC=CC=C1	DTXSID80210201	parent	urban areas	additive	paper/printing chemical	sensitizer	no	unknown	0.5	ESIpos	0	0	0	0	0	0	88.4257	0	0
N-Formyl-4-aminoantipyrine	1672-58-8	WSJBSKRPKADYRQ-UHFFFAOYSA-N	CN1N(C(=O)C(NC=O)=C1C)C1=CC=CC=C1	DTXSID10168241	TP	urban areas	pharmaceutical	analgesic	pyrazolone analgesic	no	Antiinflammatory	2	ESIpos	0	0	0	4	10.1	8.8	0	6.2	63.6
Tri(butoxyethyl)phosphate	78-51-3	WTLBZVNBAKMVDP-UHFFFAOYSA-N	CCCCOCCOP(=O)(OCCOCCCC)OCCOCCCC	DTXSID5021758	parent	urban areas	polymer additive	plasticizer	organophosphate	no	unknown	1	ESIpos	0	0	0	7.3	0	0	0	0	0
Metolachlor	51218-45-2	WVQBLGZPHOPPFO-UHFFFAOYSA-N	CCC1=CC=CC(C)=C1N(C(C)COC)C(=O)CCl	DTXSID4022448	parent	agriculture	pesticide	herbicide	chloroacetanilide	no	Lipid metabolism	0.7	ESIpos	0	0	0	7.4	0	0	0	0	0
Boscalid	188425-85-6	WYEMLYFITZORAB-UHFFFAOYSA-N	ClC1=CC=C(C=C1)C1=CC=CC=C1NC(=O)C1=CC=CN=C1Cl	DTXSID6034392	parent	agriculture	pesticide	fungicide	pydidine-carboxamide	no	Respiration inhibition	0.7	ESIpos	0	0	0	104.9	0	0	0	0	0
Ethylene glycol diphenylether	104-66-5	XCSGHNKDXGYELG-UHFFFAOYSA-N	C(COC1=CC=CC=C1)OC1=CC=CC=C1	DTXSID5026706	parent	urban areas	additive	paper/printing chemical	sensitizer	no	unknown	0.5	ESIpos	68.3359	77.1081	76.6037	0	74.7999	89.9735	51.8912	90.4627	84.2308
Diuron	330-54-1	XMTQQYYKAHVGBJ-UHFFFAOYSA-N	CN(C)C(=O)NC1=CC=C(Cl)C(Cl)=C1	DTXSID0020446	parent	multiple	pesticide	herbicide	phenylurea	pesticide	Photosynthesis inhibition	1	ESIpos	0	0	0	9.2	0	14.1	0	0	0
2-Acetonaphthone	93-08-3	XSAYZAUNJMRRIR-UHFFFAOYSA-N	CC(=O)C1=CC=C2C=CC=CC2=C1	DTXSID2041389	parent	urban areas	personal care and household	fragrance	aromatic compound	no	unknown	0.5	ESIneg	0	0	0	0	45.6791	0	0	0	103.9379
Fenuron	101-42-8	XXOYNJXVWVNOOJ-UHFFFAOYSA-N	CN(C)C(=O)NC1=CC=CC=C1	DTXSID7037551	parent	multiple	polymer additive	rubber additive	phenylurea	pesticide	Photosynthesis inhibition	0.7	ESIpos	0	0	0	0	1.3	2.8	0	1	0
Metformin	657-24-9	XZWYZXLIPXDOLR-UHFFFAOYSA-N	CN(C)C(=N)NC(N)=N	DTXSID2023270	parent	urban areas	pharmaceutical	antidiabetic	biguanide	no	Metabolic system	10	ESIpos	0	0	0	0	132.9	135	151.3	0	0
Triphenylphosphate	115-86-6	XZZNDPSIHUTMOC-UHFFFAOYSA-N	O=P(OC1=CC=CC=C1)(OC1=CC=CC=C1)OC1=CC=CC=C1	DTXSID1021952	parent	urban areas	polymer additive	plasticizer	organophosphate	no	Neuroactive	0.7	ESIpos	0	0	0	0	0	0	3.3	0	0
Pirimicarb	23103-98-2	YFGYUFNIOHWBOB-UHFFFAOYSA-N	CN(C)C(=O)OC1=C(C)C(C)=NC(=N1)N(C)C	DTXSID1032569	parent	agriculture	pesticide	insecticide	carbamate	no	Neuroactive	0.5	ESIpos	0	0	0	0	0	1.3	0	2.2	1.3
Perfluorooctanesulfonic acid	1763-23-1	YFSUTJLHUFNCNZ-UHFFFAOYSA-N	OS(=O)(=O)C(F)(F)C(F)(F)C(F)(F)C(F)(F)C(F)(F)C(F)(F)C(F)(F)C(F)(F)F	DTXSID3031864	parent and TP	urban areas	PFAS	Perfluoroalkyl acids	Perfluoroalkyl sulfonic acids	no	Lipid metabolism	1	ESIneg	7.1	6	6.3	6.6	5.1	7	0	4.6	5.7
N,N-Dimethyldodecylamine	112-18-5	YWFWDNVOPHGWMX-UHFFFAOYSA-N	CCCCCCCCCCCCN(C)C	DTXSID1026906	parent	urban areas	personal care and household	surfactant	alkylamine	intermediate	unknown	0.5	ESIpos	0	0	0	3.5	0	0	2.8	0	0
Imidacloprid	138261-41-3	YWTYJOPNNQFBPC-UHFFFAOYSA-N	[O-][N+](=O)\N=C1/NCCN1CC1=CN=C(Cl)C=C1	DTXSID5032442	parent	multiple	pesticide	insecticide	neonicotinoide	biocide	Neuroactive	1	ESIpos	0	0	0	74.3	0	21.4	0	0	2.3
Allethrin	584-79-2	ZCVAOQKBXKSDMS-UHFFFAOYSA-N	CC(C)=CC1C(C(=O)OC2CC(=O)C(CC=C)=C2C)C1(C)C	DTXSID8035180	parent	urban areas	pesticide	insecticide	pyrethoid	no	Neuroactive	0.5	ESIpos	0	0	0	1.4	5.1	0	0	0	4.1
2-Benzothiazolesulfonic acid	941-57-1	ZCXGMSGCBDSEOY-UHFFFAOYSA-N	OS(=O)(=O)C1=NC2=CC=CC=C2S1	DTXSID80240528	TP	urban areas	polymer additive	rubber additive	vulcanisation accelerator	no	unknown	2	ESIneg	0	2	0	39.8	30.1	12.4	0	62.4	224.1
Bentazone	25057-89-0	ZOMSMJKLGFBRBS-UHFFFAOYSA-N	CC(C)N1C(=O)C2=CC=CC=C2NS1(=O)=O	DTXSID0023901	parent	agriculture	pesticide	herbicide	other	no	Photosynthesis inhibition	1	ESIneg	0	0	0	0	0	20.7	0	0	34.5
Metalaxyl	57837-19-1	ZQEIXNIJLIKNTD-UHFFFAOYSA-N	COCC(=O)N(C(C)C(=O)OC)C1=C(C)C=CC=C1C	DTXSID6024175	parent	agriculture	pesticide	fungicide	acylalanine	no	Nucleic acid biosynthesis inhibition	1	ESIpos	0	0	0	3.1	0	1.8	0	0	3.6
Daidzein	486-66-8	ZQSIJRDFPHDXIC-UHFFFAOYSA-N	OC1=CC=C(C=C1)C1=COC2=C(C=CC(O)=C2)C1=O	DTXSID9022310	parent	urban areas	food and beverage	plant constituent	isoflavone	natural compound	Nucleic acid biosynthesis inhibition	1	ESIpos	0	0	0	198.1	0	0	49.2	32.5	0
Lenacil	2164-08-1	ZTMKADLOSYKWCA-UHFFFAOYSA-N	O=C1NC2=C(CCC2)C(=O)N1C1CCCCC1	DTXSID9042093	parent	agriculture	pesticide	herbicide	uracil	no	Photosynthesis inhibition	1	ESIpos	9.2	0	0	0	0	0	9.2	0	0
Perfluoroheptanoic acid	375-85-9	ZWBAMYVPMDSJGQ-UHFFFAOYSA-N	OC(=O)C(F)(F)C(F)(F)C(F)(F)C(F)(F)C(F)(F)C(F)(F)F	DTXSID1037303	parent and TP	urban areas	PFAS	Perfluoroalkyl acids	Perfluoroalkyl carboxylic acids	no	unknown	20	ESIneg	0	0	0	0	0.3	0	0	0.3	0
